duration,protocol_type,service,flag,src_bytes,dst_bytes,land,wrong_fragment,urgent,hot,num_failed_logins,logged_in,num_compromised,root_shell,su_attempted,num_root,num_file_creations,num_shells,num_access_files,num_outbound_cmds,is_host_login,is_guest_login,count,srv_count,serror_rate,srv_serror_rate,rerror_rate,srv_rerror_rate,same_srv_rate,diff_srv_rate,srv_diff_host_rate,dst_host_count,dst_host_srv_count,dst_host_same_srv_rate,dst_host_diff_srv_rate,dst_host_same_src_port_rate,dst_host_srv_diff_host_rate,dst_host_serror_rate,dst_host_srv_serror_rate,dst_host_rerror_rate,dst_host_srv_rerror_rate
0,tcp,http,SF,215,45076,0,0,0,0,0,1,0,0,0,0,0,0,0,0,0,0,1,1,0.0,0.0,0.0,0.0,1.0,0.0,0.0,0,255,1.0,0.0,0.0,0.0,0.0,0.0,0.0,0.0
0,tcp,private,S0,0,0,0,0,0,0,0,0,0,0,0,0,0,0,0,0,0,0,250,5,1.0,1.0,0.0,0.0,0.02,0.06,0.0,255,5,0.02,0.07,0.0,0.0,1.0,1.0,0.0,0.0
0,icmp,eco_i,SF,8,0,0,0,0,0,0,0,0,0,0,0,0,0,0,0,0,0,500,500,0.0,0.0,0.0,0.0,1.0,0.0,0.0,255,255,1.0,0.0,1.0,0.0,0.0,0.0,0.0,0.0
0,tcp,smtp,SF,1590,389,0,0,0,0,0,1,0,0,0,0,0,0,0,0,0,0,1,1,0.0,0.0,0.0,0.0,1.0,0.0,0.0,15,200,0.9,0.05,0.07,0.01,0.0,0.0,0.0,0.0
0,tcp,ftp,SF,120,250,0,0,0,1,3,0,0,0,0,0,0,0,0,0,0,1,2,2,0.0,0.0,0.0,0.0,1.0,0.0,0.0,255,10,0.04,0.1,0.04,0.0,0.0,0.0,0.0,0.0
0,udp,domain_u,SF,44,134,0,0,0,0,0,0,0,0,0,0,0,0,0,0,0,0,10,10,0.0,0.0,0.0,0.0,1.0,0.0,0.0,255,254,0.99,0.01,0.01,0.0,0.0,0.0,0.0,0.0
12,tcp,telnet,SF,2500,12400,0,0,0,3,0,1,1,1,0,2,1,0,1,0,0,0,1,1,0.0,0.0,0.0,0.0,1.0,0.0,0.0,1,1,1.0,0.0,1.0,0.0,0.0,0.0,0.0,0.0
0,tcp,private,S0,0,0,0,0,0,0,0,0,0,0,0,0,0,0,0,0,0,0,180,12,1.0,1.0,0.0,0.0,0.07,0.05,0.0,255,12,0.05,0.06,0.0,0.0,1.0,1.0,0.0,0.0
0,tcp,http,SF,5450,8314,0,0,0,0,0,1,0,0,0,0,0,0,0,0,0,0,5,5,0.0,0.0,0.0,0.0,1.0,0.0,0.0,100,255,1.0,0.0,0.01,0.0,0.0,0.0,0.0,0.0
0,tcp,private,REJ,0,0,0,0,0,0,0,0,0,0,0,0,0,0,0,0,0,0,150,10,0.0,0.0,1.0,1.0,0.07,0.06,0.0,255,10,0.04,0.08,0.0,0.0,0.0,0.0,1.0,1.0
